<?xml version="1.0" encoding="UTF-8" standalone="yes"?>
<addon id="plugin.video.complex-news" name="Complex News" version="1.0.0" provider-name="Pablo Mendez">
  <requires>
    <import addon="xbmc.python" version="2.1.0"/>
  </requires>
  <extension point="xbmc.python.pluginsource" library="default.py">
    <provides>video</provides>
  </extension>
  <extension point="xbmc.addon.metadata">
    <summary lang="en">
	       Complex News
    </summary>
    <description lang="en">
         This add-on has been created to provide all the Complex news. The videos are up to date everyday and every time you load this add-on.
    </description>
    <disclaimer lang="en"></disclaimer>
    <language></language>
    <platform>all</platform>
    <license></license>
    <forum></forum>
    <website></website>
    <email></email>
    <source></source>
  </extension>
</addon>
